FeatureCode,DateCode,Measurement,Units,Value,Accommodation Type and Occupancy,Weekday/Weekend,Size of Accommodation,Location
S92000003,2012,Percent,Percentage,52.32,Guest House/B&B - Room Occupancy,All,All,Accessible Small Towns
S92000003,2015,Percent,Percentage,49.18,Guest House/B&B - Room Occupancy,All,All,Large Urban Areas
S92000003,2018,Percent,Percentage,63.57,Guest House/B&B - Room Occupancy,All,All,Large Urban Areas
S92000003,2013,Percent,Percentage,53.35,Guest House/B&B - Room Occupancy,All,All,Accessible Rural
S92000003,2018,Percent,Percentage,40.45,Guest House/B&B - Room Occupancy,All,All,Accessible Rural
S92000003,2019,Percent,Percentage,43.93,Guest House/B&B - Room Occupancy,All,All,Accessible Small Towns
S92000003,2016,Percent,Percentage,38.76,Guest House/B&B - Room Occupancy,All,Rooms: 01-03,All
S92000003,2017,Percent,Percentage,60.24,Guest House/B&B - Room Occupancy,All,All,Other Urban Areas
S92000003,2016,Percent,Percentage,45.44,Guest House/B&B - Room Occupancy,All,All,Other Urban Areas
S92000003,2015,Percent,Percentage,46.54,Guest House/B&B - Room Occupancy,All,All,Remote Rural
S92000003,2016,Percent,Percentage,46.89,Guest House/B&B - Room Occupancy,All,All,Accessible Small Towns
S92000003,2017,Percent,Percentage,56.39,Guest House/B&B - Room Occupancy,All,All,Accessible Small Towns
S92000003,2014,Percent,Percentage,57.59,Guest House/B&B - Room Occupancy,All,All,Accessible Rural
S92000003,2011,Percent,Percentage,52.08,Guest House/B&B - Room Occupancy,All,All,Accessible Rural
S92000003,2015,Percent,Percentage,59.8,Guest House/B&B - Room Occupancy,All,All,Other Urban Areas
S92000003,2018,Percent,Percentage,42.26,Guest House/B&B - Room Occupancy,All,Rooms: 01-03,All
S92000003,2015,Percent,Percentage,49.82,Guest House/B&B - Room Occupancy,All,Rooms: 11-25,All
S92000003,2011,Percent,Percentage,49.63,Guest House/B&B - Room Occupancy,All,All,Remote Small Towns
S92000003,2013,Percent,Percentage,55.21,Guest House/B&B - Room Occupancy,All,All,Accessible Small Towns
S92000003,2015,Percent,Percentage,47.66,Guest House/B&B - Room Occupancy,All,All,Accessible Rural
S92000003,2013,Percent,Percentage,40.28,Guest House/B&B - Room Occupancy,All,Rooms: 01-03,All
S92000003,2012,Percent,Percentage,49.18,Guest House/B&B - Room Occupancy,All,All,Accessible Rural
S92000003,2017,Percent,Percentage,50.28,Guest House/B&B - Room Occupancy,All,All,All
S92000003,2016,Percent,Percentage,41.52,Self Catering - Unit Occupancy,All,All,Remote Small Towns
S92000003,2016,Percent,Percentage,48.02,Self Catering - Unit Occupancy,All,All,Accessible Small Towns
S92000003,2013,Percent,Percentage,62.49,Self Catering - Unit Occupancy,All,All,Large Urban Areas
S92000003,2011,Percent,Percentage,43.71,Self Catering - Unit Occupancy,All,All,Other Urban Areas
S92000003,2014,Percent,Percentage,48.47,Self Catering - Unit Occupancy,All,All,Other Urban Areas
S92000003,2018,Percent,Percentage,54.93,Self Catering - Unit Occupancy,All,All,All
S92000003,2018,Percent,Percentage,43.06,Self Catering - Unit Occupancy,All,All,Large Urban Areas
S92000003,2012,Percent,Percentage,31.04,Self Catering - Unit Occupancy,All,All,Remote Small Towns
S92000003,2016,Percent,Percentage,55.97,Hotels - Bed Occupancy,All,Rooms: greater than 100,All
S92000003,2012,Percent,Percentage,43.89,Self Catering - Unit Occupancy,All,All,Other Urban Areas
S92000003,2017,Percent,Percentage,51.67,Self Catering - Unit Occupancy,All,All,All
S92000003,2012,Percent,Percentage,41.85,Self Catering - Unit Occupancy,All,All,Accessible Small Towns
S92000003,2013,Percent,Percentage,47.3,Self Catering - Unit Occupancy,All,All,Other Urban Areas
S92000003,2017,Percent,Percentage,39.74,Self Catering - Unit Occupancy,All,All,Accessible Small Towns
S92000003,2018,Percent,Percentage,58.62,Self Catering - Unit Occupancy,All,All,Other Urban Areas
S92000003,2018,Percent,Percentage,46.67,Guest House/B&B - Room Occupancy,All,All,Remote Rural
S92000003,2019,Percent,Percentage,34.58,Self Catering - Unit Occupancy,All,All,Large Urban Areas
S92000003,2011,Percent,Percentage,59.74,Self Catering - Unit Occupancy,All,All,Large Urban Areas
S92000003,2019,Percent,Percentage,47.61,Self Catering - Unit Occupancy,All,All,All
S92000003,2011,Percent,Percentage,30.85,Self Catering - Unit Occupancy,All,All,Accessible Small Towns
S92000003,2016,Percent,Percentage,66.24,Self Catering - Unit Occupancy,All,All,Large Urban Areas
S92000003,2019,Percent,Percentage,50.65,Self Catering - Unit Occupancy,All,All,Other Urban Areas
S92000003,2013,Percent,Percentage,44.32,Guest House/B&B - Room Occupancy,All,All,Remote Rural
S92000003,2019,Percent,Percentage,50.04,Guest House/B&B - Room Occupancy,All,All,All
S92000003,2016,Percent,Percentage,43.75,Guest House/B&B - Room Occupancy,All,Rooms: 04-10,All
S92000003,2016,Percent,Percentage,41.76,Guest House/B&B - Room Occupancy,All,All,All
S92000003,2019,Percent,Percentage,54.37,Guest House/B&B - Room Occupancy,All,Rooms: 04-10,All
S92000003,2011,Percent,Percentage,44.58,Guest House/B&B - Room Occupancy,All,All,Large Urban Areas
S92000003,2016,Percent,Percentage,39.89,Guest House/B&B - Room Occupancy,All,All,Remote Rural
S92000003,2011,Percent,Percentage,44.08,Guest House/B&B - Room Occupancy,All,All,All
S92000003,2018,Percent,Percentage,51.09,Guest House/B&B - Room Occupancy,All,Rooms: 04-10,All
S92000003,2011,Percent,Percentage,50.13,Guest House/B&B - Room Occupancy,All,Rooms: 04-10,All
S92000003,2012,Percent,Percentage,39.07,Guest House/B&B - Room Occupancy,All,Rooms: 01-03,All
S92000003,2017,Percent,Percentage,44.86,Guest House/B&B - Room Occupancy,All,Rooms: 11-25,All
S92000003,2016,Percent,Percentage,37.44,Guest House/B&B - Room Occupancy,All,All,Accessible Rural
S92000003,2018,Percent,Percentage,80.22,Guest House/B&B - Room Occupancy,All,Rooms: 11-25,All
S92000003,2015,Percent,Percentage,40.26,Guest House/B&B - Room Occupancy,All,Rooms: 01-03,All
S92000003,2019,Percent,Percentage,26.24,Guest House/B&B - Room Occupancy,All,All,Accessible Rural
S92000003,2017,Percent,Percentage,46.19,Guest House/B&B - Room Occupancy,All,Rooms: 01-03,All
S92000003,2016,Percent,Percentage,53.85,Guest House/B&B - Room Occupancy,All,All,Large Urban Areas
S92000003,2012,Percent,Percentage,44.1,Guest House/B&B - Room Occupancy,All,All,All
S92000003,2012,Percent,Percentage,43.36,Guest House/B&B - Room Occupancy,All,All,Large Urban Areas
S92000003,2018,Percent,Percentage,50.3,Guest House/B&B - Room Occupancy,All,All,All
S92000003,2015,Percent,Percentage,48.52,Guest House/B&B - Room Occupancy,All,Rooms: 04-10,All
S92000003,2014,Percent,Percentage,55.8,Guest House/B&B - Room Occupancy,All,All,Other Urban Areas
S92000003,2014,Percent,Percentage,47.16,Guest House/B&B - Room Occupancy,All,All,Large Urban Areas
S92000003,2014,Percent,Percentage,46.21,Guest House/B&B - Room Occupancy,All,All,All
S92000003,2016,Percent,Percentage,52.16,Guest House/B&B - Room Occupancy,All,All,Remote Small Towns
S92000003,2013,Percent,Percentage,51.56,Guest House/B&B - Room Occupancy,All,All,Other Urban Areas
S92000003,2017,Percent,Percentage,56.97,Guest House/B&B - Room Occupancy,All,All,Large Urban Areas
S92000003,2014,Percent,Percentage,45.05,Guest House/B&B - Room Occupancy,All,All,Remote Rural
S92000003,2014,Percent,Percentage,39.77,Guest House/B&B - Room Occupancy,All,Rooms: 01-03,All
S92000003,2012,Percent,Percentage,42.49,Guest House/B&B - Room Occupancy,All,All,Remote Small Towns
S92000003,2015,Percent,Percentage,44.88,Guest House/B&B - Room Occupancy,All,All,Remote Small Towns
S92000003,2012,Percent,Percentage,57.4,Guest House/B&B - Room Occupancy,All,All,Other Urban Areas
S92000003,2015,Percent,Percentage,52.6,Guest House/B&B - Room Occupancy,All,All,Accessible Small Towns
S92000003,2015,Percent,Percentage,45.41,Guest House/B&B - Room Occupancy,All,All,All
S92000003,2019,Percent,Percentage,63.22,Guest House/B&B - Room Occupancy,All,All,Other Urban Areas
S92000003,2013,Percent,Percentage,48.45,Guest House/B&B - Room Occupancy,All,Rooms: 04-10,All
S92000003,2017,Percent,Percentage,43.93,Guest House/B&B - Room Occupancy,All,All,Remote Rural
S92000003,2018,Percent,Percentage,58.67,Guest House/B&B - Room Occupancy,All,All,Other Urban Areas
S92000003,2019,Percent,Percentage,87.93,Guest House/B&B - Room Occupancy,All,Rooms: 11-25,All
S92000003,2016,Percent,Percentage,38.78,Guest House/B&B - Room Occupancy,All,Rooms: 11-25,All
S92000003,2018,Percent,Percentage,49.62,Guest House/B&B - Room Occupancy,All,All,Accessible Small Towns
S92000003,2012,Percent,Percentage,54.86,Guest House/B&B - Room Occupancy,All,Rooms: 11-25,All
S92000003,2017,Percent,Percentage,46.15,Guest House/B&B - Room Occupancy,All,All,Remote Small Towns
S92000003,2015,Percent,Percentage,48.29,Self Catering - Unit Occupancy,All,All,All
S92000003,2013,Percent,Percentage,53.92,Self Catering - Unit Occupancy,All,All,Accessible Rural
S92000003,2016,Percent,Percentage,48.37,Self Catering - Unit Occupancy,All,All,All
S92000003,2019,Percent,Percentage,26.6,Self Catering - Unit Occupancy,All,All,Accessible Rural
S92000003,2017,Percent,Percentage,66.13,Self Catering - Unit Occupancy,All,All,Large Urban Areas
S92000003,2017,Percent,Percentage,51.02,Self Catering - Unit Occupancy,All,All,Remote Rural
S92000003,2012,Percent,Percentage,31.4,Hostels - Bed Occupancy,All,All,Remote Small Towns
S92000003,2015,Percent,Percentage,42.32,Guest House/B&B - Bed Occupancy,All,All,Accessible Small Towns
S92000003,2015,Percent,Percentage,42.06,Guest House/B&B - Bed Occupancy,All,Rooms: 04-10,All
S92000003,2012,Percent,Percentage,40.62,Guest House/B&B - Bed Occupancy,All,All,Accessible Small Towns
S92000003,2011,Percent,Percentage,39.53,Guest House/B&B - Bed Occupancy,All,All,Accessible Small Towns
S92000003,2019,Percent,Percentage,21.22,Guest House/B&B - Bed Occupancy,All,All,Accessible Rural
S92000003,2019,Percent,Percentage,42.18,Self Catering - Unit Occupancy,All,All,Accessible Small Towns
S92000003,2019,Percent,Percentage,44.28,Self Catering - Unit Occupancy,All,All,Remote Small Towns
S92000003,2018,Percent,Percentage,50.61,Self Catering - Unit Occupancy,All,All,Accessible Small Towns
S92000003,2011,Percent,Percentage,37.79,Self Catering - Unit Occupancy,All,All,Remote Small Towns
S92000003,2013,Percent,Percentage,41.95,Self Catering - Unit Occupancy,All,All,Remote Rural
S92000003,2016,Percent,Percentage,44.52,Self Catering - Unit Occupancy,All,All,Other Urban Areas
S92000003,2016,Percent,Percentage,58.52,Self Catering - Unit Occupancy,All,All,Accessible Rural
S92000003,2011,Percent,Percentage,56.28,Self Catering - Unit Occupancy,All,All,Accessible Rural
S92000003,2011,Percent,Percentage,42.42,Self Catering - Unit Occupancy,All,All,All
S92000003,2014,Percent,Percentage,44.2,Self Catering - Unit Occupancy,All,All,Remote Rural
S92000003,2016,Percent,Percentage,45.62,Self Catering - Unit Occupancy,All,All,Remote Rural
S92000003,2013,Percent,Percentage,39.17,Guest House/B&B - Bed Occupancy,All,All,Large Urban Areas
S92000003,2012,Percent,Percentage,39.83,Guest House/B&B - Bed Occupancy,All,Rooms: 04-10,All
S92000003,2018,Percent,Percentage,54.93,Hostels - Bed Occupancy,All,All,Large Urban Areas
S92000003,2013,Percent,Percentage,42.54,Guest House/B&B - Bed Occupancy,All,Rooms: 04-10,All
S92000003,2017,Percent,Percentage,50.57,Guest House/B&B - Bed Occupancy,All,All,Large Urban Areas
S92000003,2016,Percent,Percentage,39.14,Guest House/B&B - Bed Occupancy,All,Rooms: 04-10,All
S92000003,2014,Percent,Percentage,39.41,Guest House/B&B - Bed Occupancy,All,All,Large Urban Areas
S92000003,2019,Percent,Percentage,65.28,Guest House/B&B - Bed Occupancy,All,All,Large Urban Areas
S92000003,2015,Percent,Percentage,40.1,Guest House/B&B - Bed Occupancy,All,All,Large Urban Areas
S92000003,2016,Percent,Percentage,44.25,Guest House/B&B - Bed Occupancy,All,All,Large Urban Areas
S92000003,2011,Percent,Percentage,40.37,Guest House/B&B - Bed Occupancy,All,All,Remote Rural
S92000003,2018,Percent,Percentage,55.31,Hostels - Bed Occupancy,All,All,All
S92000003,2013,Percent,Percentage,44.91,Guest House/B&B - Bed Occupancy,All,All,Accessible Small Towns
S92000003,2016,Percent,Percentage,36.84,Guest House/B&B - Bed Occupancy,All,All,Accessible Rural
S92000003,2017,Percent,Percentage,46.96,Guest House/B&B - Bed Occupancy,All,Rooms: 04-10,All
S92000003,2014,Percent,Percentage,42.21,Guest House/B&B - Bed Occupancy,All,All,Accessible Small Towns
S92000003,2011,Percent,Percentage,21.66,Hostels - Bed Occupancy,All,All,Remote Small Towns
S92000003,2018,Percent,Percentage,35.28,Guest House/B&B - Bed Occupancy,All,Rooms: 01-03,All
S92000003,2013,Percent,Percentage,45.38,Guest House/B&B - Bed Occupancy,All,All,Accessible Rural
S92000003,2018,Percent,Percentage,27.63,Guest House/B&B - Bed Occupancy,All,All,Accessible Rural
S92000003,2017,Percent,Percentage,35.68,Guest House/B&B - Bed Occupancy,All,All,Accessible Rural
S92000003,2012,Percent,Percentage,41.74,Guest House/B&B - Bed Occupancy,All,All,Accessible Rural
S92000003,2017,Percent,Percentage,60.18,Hotels - Bed Occupancy,All,Rooms: greater than 100,All
S92000003,2012,Percent,Percentage,63.51,Self Catering - Unit Occupancy,All,All,Large Urban Areas
S92000003,2014,Percent,Percentage,45.31,Self Catering - Unit Occupancy,All,All,Accessible Small Towns
S92000003,2015,Percent,Percentage,43.81,Self Catering - Unit Occupancy,All,All,Other Urban Areas
S92000003,2017,Percent,Percentage,51.63,Self Catering - Unit Occupancy,All,All,Other Urban Areas
S92000003,2018,Percent,Percentage,54.93,Self Catering - Unit Occupancy,All,All,Remote Rural
S92000003,2017,Percent,Percentage,54.49,Self Catering - Unit Occupancy,All,All,Accessible Rural
S92000003,2015,Percent,Percentage,56.53,Self Catering - Unit Occupancy,All,All,Accessible Rural
S92000003,2017,Percent,Percentage,51.66,Self Catering - Unit Occupancy,All,All,Remote Small Towns
S92000003,2013,Percent,Percentage,41.97,Self Catering - Unit Occupancy,All,All,Accessible Small Towns
S92000003,2014,Percent,Percentage,31.97,Self Catering - Unit Occupancy,All,All,Remote Small Towns
S92000003,2018,Percent,Percentage,59.26,Hotels - Bed Occupancy,All,Rooms: greater than 100,All
S92000003,2011,Percent,Percentage,53.34,Hotels - Bed Occupancy,All,Rooms: greater than 100,All
S92000003,2014,Percent,Percentage,51.89,Hotels - Bed Occupancy,All,All,Accessible Rural
S92000003,2013,Percent,Percentage,54.55,Hotels - Bed Occupancy,All,Rooms: greater than 100,All
S92000003,2011,Percent,Percentage,46.54,Hotels - Bed Occupancy,All,All,Accessible Rural
S92000003,2015,Percent,Percentage,55.39,Hotels - Bed Occupancy,All,Rooms: greater than 100,All
S92000003,2011,Percent,Percentage,42.37,Self Catering - Unit Occupancy,All,All,Remote Rural
S92000003,2016,Percent,Percentage,48.57,Hotels - Bed Occupancy,All,All,Accessible Rural
S92000003,2015,Percent,Percentage,41.81,Self Catering - Unit Occupancy,All,All,Remote Small Towns
S92000003,2018,Percent,Percentage,54.6,Hotels - Bed Occupancy,All,All,All
S92000003,2012,Percent,Percentage,45.67,Hotels - Bed Occupancy,All,All,Accessible Rural
S92000003,2013,Percent,Percentage,49.94,Guest House/B&B - Room Occupancy,All,All,Remote Small Towns
S92000003,2014,Percent,Percentage,53.54,Self Catering - Unit Occupancy,All,All,Accessible Rural
S92000003,2019,Percent,Percentage,70.86,Guest House/B&B - Room Occupancy,All,All,Large Urban Areas
S92000003,2011,Percent,Percentage,59.68,Guest House/B&B - Room Occupancy,All,All,Other Urban Areas
S92000003,2019,Percent,Percentage,54.65,Guest House/B&B - Room Occupancy,All,All,Remote Small Towns
S92000003,2018,Percent,Percentage,47.67,Self Catering - Unit Occupancy,All,All,Remote Small Towns
S92000003,2018,Percent,Percentage,64.79,Self Catering - Unit Occupancy,All,All,Accessible Rural
S92000003,2015,Percent,Percentage,45.32,Self Catering - Unit Occupancy,All,All,Remote Rural
S92000003,2013,Percent,Percentage,44.18,Self Catering - Unit Occupancy,All,All,All
S92000003,2013,Percent,Percentage,47.21,Guest House/B&B - Room Occupancy,All,All,Large Urban Areas
S92000003,2015,Percent,Percentage,68.03,Self Catering - Unit Occupancy,All,All,Large Urban Areas
S92000003,2019,Percent,Percentage,47.72,Self Catering - Unit Occupancy,All,All,Remote Rural
S92000003,2012,Percent,Percentage,43.56,Self Catering - Unit Occupancy,All,All,All
S92000003,2012,Percent,Percentage,42.07,Self Catering - Unit Occupancy,All,All,Remote Rural
S92000003,2014,Percent,Percentage,45.88,Self Catering - Unit Occupancy,All,All,All
S92000003,2015,Percent,Percentage,45.84,Self Catering - Unit Occupancy,All,All,Accessible Small Towns
S92000003,2013,Percent,Percentage,34.84,Self Catering - Unit Occupancy,All,All,Remote Small Towns
S92000003,2017,Percent,Percentage,52.29,Guest House/B&B - Room Occupancy,All,Rooms: 04-10,All
S92000003,2014,Percent,Percentage,50.87,Guest House/B&B - Room Occupancy,All,Rooms: 04-10,All
S92000003,2012,Percent,Percentage,47.91,Guest House/B&B - Room Occupancy,All,Rooms: 04-10,All
S92000003,2014,Percent,Percentage,65.48,Self Catering - Unit Occupancy,All,All,Large Urban Areas
S92000003,2012,Percent,Percentage,59.18,Self Catering - Unit Occupancy,All,All,Accessible Rural
S92000003,2014,Percent,Percentage,20.95,Hotels - Bed Occupancy,All,Rooms: 01-03,All
S92000003,2016,Percent,Percentage,22.45,Hotels - Bed Occupancy,All,Rooms: 01-03,All
S92000003,2016,Percent,Percentage,52.41,Hotels - Bed Occupancy,All,All,Remote Small Towns
S92000003,2018,Percent,Percentage,0,Hotels - Bed Occupancy,All,Rooms: 01-03,All
S92000003,2015,Percent,Percentage,47.48,Hotels - Bed Occupancy,All,All,Accessible Small Towns
S92000003,2019,Percent,Percentage,45.18,Hotels - Bed Occupancy,All,All,Remote Small Towns
S92000003,2012,Percent,Percentage,45.43,Hotels - Bed Occupancy,All,Rooms: 11-25,All
S92000003,2012,Percent,Percentage,33.81,Hotels - Bed Occupancy,All,Rooms: 04-10,All
S92000003,2013,Percent,Percentage,56.24,Hotels - Bed Occupancy,All,All,Large Urban Areas
S92000003,2016,Percent,Percentage,50.92,Hotels - Bed Occupancy,All,Rooms: 11-25,All
S92000003,2013,Percent,Percentage,48.64,Hotels - Bed Occupancy,All,Rooms: 11-25,All
S92000003,2015,Percent,Percentage,49.57,Hotels - Bed Occupancy,All,Rooms: 11-25,All
S92000003,2012,Percent,Percentage,17,Hotels - Bed Occupancy,All,Rooms: 01-03,All
S92000003,2013,Percent,Percentage,18.48,Hotels - Bed Occupancy,All,Rooms: 01-03,All
S92000003,2018,Percent,Percentage,62,Hotels - Bed Occupancy,All,All,Accessible Small Towns
S92000003,2017,Percent,Percentage,61.53,Hotels - Bed Occupancy,All,All,Other Urban Areas
S92000003,2018,Percent,Percentage,56.76,Hotels - Bed Occupancy,All,All,Other Urban Areas
S92000003,2015,Percent,Percentage,47.81,Hotels - Bed Occupancy,All,All,Remote Small Towns
S92000003,2017,Percent,Percentage,57.76,Hotels - Bed Occupancy,All,All,Accessible Rural
S92000003,2014,Percent,Percentage,47.36,Hotels - Bed Occupancy,All,All,Remote Small Towns
S92000003,2013,Percent,Percentage,48.17,Hotels - Bed Occupancy,All,All,Remote Small Towns
S92000003,2019,Percent,Percentage,3.83,Hotels - Bed Occupancy,All,Rooms: 01-03,All
S92000003,2016,Percent,Percentage,50.66,Hotels - Bed Occupancy,All,All,Accessible Small Towns
S92000003,2014,Percent,Percentage,35.74,Caravan & Camping Parks - Pitch Occupancy,All,All,Accessible Rural
S92000003,2013,Percent,Percentage,51.46,Hotels - Bed Occupancy,All,All,All
S92000003,2012,Percent,Percentage,38.98,Caravan & Camping Parks - Pitch Occupancy,All,All,Accessible Rural
S92000003,2015,Percent,Percentage,18.87,Hotels - Bed Occupancy,All,Rooms: 01-03,All
S92000003,2011,Percent,Percentage,18.78,Hotels - Bed Occupancy,All,Rooms: 01-03,All
S92000003,2017,Percent,Percentage,51.42,Hotels - Bed Occupancy,All,All,Remote Small Towns
S92000003,2019,Percent,Percentage,33.99,Caravan & Camping Parks - Pitch Occupancy,All,All,Accessible Rural
S92000003,2017,Percent,Percentage,54.37,Caravan & Camping Parks - Pitch Occupancy,All,All,Remote Small Towns
S92000003,2011,Percent,Percentage,39.96,Caravan & Camping Parks - Pitch Occupancy,All,All,Remote Rural
S92000003,2018,Percent,Percentage,32.76,Caravan & Camping Parks - Pitch Occupancy,All,All,Remote Small Towns
S92000003,2015,Percent,Percentage,30.98,Caravan & Camping Parks - Pitch Occupancy,All,All,Accessible Small Towns
S92000003,2017,Percent,Percentage,57.3,Hotels - Bed Occupancy,All,All,All
S92000003,2011,Percent,Percentage,49.56,Hotels - Bed Occupancy,All,All,Other Urban Areas
S92000003,2017,Percent,Percentage,0,Hotels - Bed Occupancy,All,Rooms: 01-03,All
S92000003,2013,Percent,Percentage,51.83,Hotels - Bed Occupancy,All,All,Other Urban Areas
S92000003,2012,Percent,Percentage,49.74,Hotels - Bed Occupancy,All,All,Other Urban Areas
S92000003,2014,Percent,Percentage,52.7,Hotels - Bed Occupancy,All,All,Other Urban Areas
S92000003,2011,Percent,Percentage,49.23,Hotels - Bed Occupancy,All,All,All
S92000003,2019,Percent,Percentage,51.61,Hotels - Bed Occupancy,All,All,Accessible Rural
S92000003,2019,Percent,Percentage,33.58,Hotels - Bed Occupancy,All,Rooms: 04-10,All
S92000003,2018,Percent,Percentage,46.37,Hotels - Bed Occupancy,All,All,Remote Small Towns
S92000003,2013,Percent,Percentage,45.03,Hotels - Bed Occupancy,All,All,Accessible Rural
S92000003,2013,Percent,Percentage,42.94,Hotels - Bed Occupancy,All,Rooms: 04-10,All
S92000003,2019,Percent,Percentage,52.94,Hotels - Bed Occupancy,All,All,All
S92000003,2014,Percent,Percentage,56.08,Hotels - Bed Occupancy,All,All,Large Urban Areas
S92000003,2011,Percent,Percentage,43.32,Hotels - Bed Occupancy,All,Rooms: 11-25,All
S92000003,2016,Percent,Percentage,51.84,Hotels - Bed Occupancy,All,All,Remote Rural
S92000003,2014,Percent,Percentage,49.89,Hotels - Bed Occupancy,All,Rooms: 11-25,All
S92000003,2014,Percent,Percentage,49.82,Hotels - Bed Occupancy,All,Rooms: 26-50,All
S92000003,2017,Percent,Percentage,47.12,Hotels - Bed Occupancy,All,All,Remote Rural
S92000003,2016,Percent,Percentage,49.16,Hotels - Bed Occupancy,All,Rooms: 04-10,All
S92000003,2013,Percent,Percentage,51.1,Hotels - Bed Occupancy,All,All,Remote Rural
S92000003,2012,Percent,Percentage,48.66,Hotels - Bed Occupancy,All,All,All
S92000003,2017,Percent,Percentage,52.89,Hotels - Bed Occupancy,All,Rooms: 11-25,All
S92000003,2017,Percent,Percentage,63.95,Hotels - Bed Occupancy,All,Rooms: 51-100,All
S92000003,2013,Percent,Percentage,55.43,Hotels - Bed Occupancy,All,Rooms: 51-100,All
S92000003,2014,Percent,Percentage,52.4,Hotels - Bed Occupancy,All,All,All
S92000003,2011,Percent,Percentage,46.42,Hotels - Bed Occupancy,All,All,Remote Small Towns
S92000003,2014,Percent,Percentage,50.13,Hotels - Bed Occupancy,All,All,Remote Rural
S92000003,2017,Percent,Percentage,37.37,Hotels - Bed Occupancy,All,Rooms: 04-10,All
S92000003,2012,Percent,Percentage,52.77,Hotels - Bed Occupancy,All,Rooms: 51-100,All
S92000003,2018,Percent,Percentage,47.95,Hotels - Bed Occupancy,All,Rooms: 11-25,All
S92000003,2019,Percent,Percentage,60.24,Hotels - Bed Occupancy,All,Rooms: 51-100,All
S92000003,2018,Percent,Percentage,60.5,Hotels - Bed Occupancy,All,Rooms: 51-100,All
S92000003,2014,Percent,Percentage,55.57,Hotels - Bed Occupancy,All,Rooms: 51-100,All
S92000003,2019,Percent,Percentage,57.15,Hotels - Bed Occupancy,All,All,Large Urban Areas
S92000003,2015,Percent,Percentage,51.26,Hotels - Bed Occupancy,All,All,Other Urban Areas
S92000003,2011,Percent,Percentage,54.58,Hotels - Bed Occupancy,All,Rooms: 51-100,All
S92000003,2016,Percent,Percentage,58.28,Hotels - Bed Occupancy,All,Rooms: 51-100,All
S92000003,2018,Percent,Percentage,35.28,Hotels - Bed Occupancy,All,Rooms: 04-10,All
S92000003,2019,Percent,Percentage,56.75,Hotels - Bed Occupancy,All,All,Accessible Small Towns
S92000003,2012,Percent,Percentage,44.4,Hotels - Bed Occupancy,All,All,Remote Small Towns
S92000003,2012,Percent,Percentage,45.78,Hotels - Bed Occupancy,All,All,Accessible Small Towns
S92000003,2019,Percent,Percentage,56.81,Hotels - Bed Occupancy,All,All,Other Urban Areas
S92000003,2019,Percent,Percentage,45.83,Hotels - Bed Occupancy,All,All,Remote Rural
S92000003,2011,Percent,Percentage,53.19,Hotels - Bed Occupancy,All,All,Large Urban Areas
S92000003,2012,Percent,Percentage,53.41,Hotels - Bed Occupancy,All,All,Large Urban Areas
S92000003,2013,Percent,Percentage,48.9,Hotels - Bed Occupancy,All,Rooms: 26-50,All
S92000003,2018,Percent,Percentage,54.06,Hotels - Bed Occupancy,All,All,Accessible Rural
S92000003,2016,Percent,Percentage,55.78,Hotels - Bed Occupancy,All,All,Other Urban Areas
S92000003,2014,Percent,Percentage,44.22,Hotels - Bed Occupancy,All,Rooms: 04-10,All
S92000003,2017,Percent,Percentage,61.32,Hotels - Bed Occupancy,All,All,Large Urban Areas
S92000003,2015,Percent,Percentage,53.38,Hotels - Bed Occupancy,All,Rooms: 51-100,All
S92000003,2015,Percent,Percentage,55.77,Hotels - Bed Occupancy,All,All,Large Urban Areas
S92000003,2011,Percent,Percentage,47.39,Hotels - Bed Occupancy,All,Rooms: 26-50,All
S92000003,2018,Percent,Percentage,60.71,Hotels - Bed Occupancy,All,Rooms: 26-50,All
S92000003,2019,Percent,Percentage,41.22,Caravan & Camping Parks - Pitch Occupancy,All,All,All
S92000003,2012,Percent,Percentage,39.7,Caravan & Camping Parks - Pitch Occupancy,All,All,Remote Small Towns
S92000003,2018,Percent,Percentage,38.4,Caravan & Camping Parks - Pitch Occupancy,All,All,Large Urban Areas
S92000003,2018,Percent,Percentage,33.59,Caravan & Camping Parks - Pitch Occupancy,All,All,All
S92000003,2012,Percent,Percentage,0,Caravan & Camping Parks - Pitch Occupancy,All,All,Large Urban Areas
S92000003,2012,Percent,Percentage,40.02,Caravan & Camping Parks - Pitch Occupancy,All,All,All
S92000003,2011,Percent,Percentage,42.1,Caravan & Camping Parks - Pitch Occupancy,All,All,Remote Small Towns
S92000003,2019,Percent,Percentage,57.6,Hotels - Bed Occupancy,All,Rooms: 26-50,All
S92000003,2015,Percent,Percentage,48.98,Hotels - Bed Occupancy,All,Rooms: 04-10,All
S92000003,2013,Percent,Percentage,42.84,Caravan & Camping Parks - Pitch Occupancy,All,All,Other Urban Areas
S92000003,2019,Percent,Percentage,34.3,Caravan & Camping Parks - Pitch Occupancy,All,All,Large Urban Areas
S92000003,2014,Percent,Percentage,49.13,Caravan & Camping Parks - Pitch Occupancy,All,All,Large Urban Areas
S92000003,2015,Percent,Percentage,49.36,Hotels - Bed Occupancy,All,All,Accessible Rural
S92000003,2014,Percent,Percentage,55.85,Hotels - Bed Occupancy,All,Rooms: greater than 100,All
S92000003,2018,Percent,Percentage,59.02,Hotels - Bed Occupancy,All,All,Large Urban Areas
S92000003,2014,Percent,Percentage,53.15,Hotels - Bed Occupancy,All,All,Accessible Small Towns
S92000003,2011,Percent,Percentage,45.01,Hotels - Bed Occupancy,All,All,Accessible Small Towns
S92000003,2017,Percent,Percentage,63.5,Hotels - Bed Occupancy,All,Rooms: 26-50,All
S92000003,2016,Percent,Percentage,56.78,Hotels - Bed Occupancy,All,All,Large Urban Areas
S92000003,2016,Percent,Percentage,54.02,Hotels - Bed Occupancy,All,All,All
S92000003,2015,Percent,Percentage,41.89,Caravan & Camping Parks - Pitch Occupancy,All,All,Remote Rural
S92000003,2017,Percent,Percentage,65.79,Hotels - Bed Occupancy,All,All,Accessible Small Towns
S92000003,2013,Percent,Percentage,46.84,Hotels - Bed Occupancy,All,All,Accessible Small Towns
S92000003,2011,Percent,Percentage,44.16,Guest House/B&B - Room Occupancy,All,All,Remote Rural
S92000003,2011,Percent,Percentage,36.11,Guest House/B&B - Room Occupancy,All,Rooms: 01-03,All
S92000003,2019,Percent,Percentage,34.21,Guest House/B&B - Room Occupancy,All,Rooms: 01-03,All
S92000003,2013,Percent,Percentage,55.97,Guest House/B&B - Room Occupancy,All,Rooms: 11-25,All
S92000003,2014,Percent,Percentage,50.96,Guest House/B&B - Room Occupancy,All,Rooms: 11-25,All
S92000003,2019,Percent,Percentage,36.07,Guest House/B&B - Room Occupancy,All,All,Remote Rural
S92000003,2011,Percent,Percentage,49.27,Guest House/B&B - Room Occupancy,All,All,Accessible Small Towns
S92000003,2014,Percent,Percentage,53.11,Guest House/B&B - Room Occupancy,All,All,Accessible Small Towns
S92000003,2017,Percent,Percentage,44.71,Guest House/B&B - Room Occupancy,All,All,Accessible Rural
S92000003,2012,Percent,Percentage,43.18,Guest House/B&B - Room Occupancy,All,All,Remote Rural
S92000003,2013,Percent,Percentage,45.01,Guest House/B&B - Room Occupancy,All,All,All
S92000003,2013,Percent,Percentage,43.96,Caravan & Camping Parks - Pitch Occupancy,All,All,Remote Small Towns
S92000003,2014,Percent,Percentage,42.6,Caravan & Camping Parks - Pitch Occupancy,All,All,Remote Rural
S92000003,2019,Percent,Percentage,42.08,Caravan & Camping Parks - Pitch Occupancy,All,All,Other Urban Areas
S92000003,2015,Percent,Percentage,52.09,Hotels - Bed Occupancy,All,All,All
S92000003,2012,Percent,Percentage,49.08,Hotels - Bed Occupancy,All,All,Remote Rural
S92000003,2017,Percent,Percentage,36.21,Caravan & Camping Parks - Pitch Occupancy,All,All,Large Urban Areas
S92000003,2011,Percent,Percentage,63.98,Guest House/B&B - Room Occupancy,All,Rooms: 11-25,All
S92000003,2014,Percent,Percentage,43.72,Guest House/B&B - Room Occupancy,All,All,Remote Small Towns
S92000003,2018,Percent,Percentage,40.34,Guest House/B&B - Room Occupancy,All,All,Remote Small Towns
S92000003,2011,Percent,Percentage,43,Caravan & Camping Parks - Pitch Occupancy,All,All,All
S92000003,2014,Percent,Percentage,44.74,Caravan & Camping Parks - Pitch Occupancy,All,All,Other Urban Areas
S92000003,2017,Percent,Percentage,24.2,Caravan & Camping Parks - Pitch Occupancy,All,All,Accessible Small Towns
S92000003,2016,Percent,Percentage,53.44,Caravan & Camping Parks - Pitch Occupancy,All,All,Remote Small Towns
S92000003,2012,Percent,Percentage,24.77,Caravan & Camping Parks - Pitch Occupancy,All,All,Accessible Small Towns
S92000003,2017,Percent,Percentage,37.83,Caravan & Camping Parks - Pitch Occupancy,All,All,Other Urban Areas
S92000003,2017,Percent,Percentage,31.96,Caravan & Camping Parks - Pitch Occupancy,All,All,Accessible Rural
S92000003,2013,Percent,Percentage,26.46,Caravan & Camping Parks - Pitch Occupancy,All,All,Accessible Small Towns
S92000003,2018,Percent,Percentage,44.42,Caravan & Camping Parks - Pitch Occupancy,All,All,Other Urban Areas
S92000003,2012,Percent,Percentage,41.47,Caravan & Camping Parks - Pitch Occupancy,All,All,Other Urban Areas
S92000003,2013,Percent,Percentage,42.04,Caravan & Camping Parks - Pitch Occupancy,All,All,All
S92000003,2013,Percent,Percentage,50.17,Caravan & Camping Parks - Pitch Occupancy,All,All,Large Urban Areas
S92000003,2015,Percent,Percentage,49.55,Caravan & Camping Parks - Pitch Occupancy,All,All,Remote Small Towns
S92000003,2016,Percent,Percentage,45.46,Caravan & Camping Parks - Pitch Occupancy,All,All,Remote Rural
S92000003,2018,Percent,Percentage,37.66,Caravan & Camping Parks - Pitch Occupancy,All,All,Remote Rural
S92000003,2015,Percent,Percentage,57.27,Caravan & Camping Parks - Pitch Occupancy,All,All,Large Urban Areas
S92000003,2016,Percent,Percentage,39.01,Caravan & Camping Parks - Pitch Occupancy,All,All,Accessible Rural
S92000003,2013,Percent,Percentage,38.04,Caravan & Camping Parks - Pitch Occupancy,All,All,Accessible Rural
S92000003,2014,Percent,Percentage,42.14,Caravan & Camping Parks - Pitch Occupancy,All,All,All
S92000003,2012,Percent,Percentage,38.13,Caravan & Camping Parks - Pitch Occupancy,All,All,Remote Rural
S92000003,2015,Percent,Percentage,41.9,Caravan & Camping Parks - Pitch Occupancy,All,All,Other Urban Areas
S92000003,2016,Percent,Percentage,42.66,Caravan & Camping Parks - Pitch Occupancy,All,All,All
S92000003,2017,Percent,Percentage,28.19,Caravan & Camping Parks - Pitch Occupancy,All,All,Remote Rural
S92000003,2019,Percent,Percentage,47.1,Caravan & Camping Parks - Pitch Occupancy,All,All,Remote Rural
S92000003,2012,Percent,Percentage,52.66,Hotels - Bed Occupancy,All,Rooms: greater than 100,All
S92000003,2012,Percent,Percentage,47.69,Hotels - Bed Occupancy,All,Rooms: 26-50,All
S92000003,2019,Percent,Percentage,55.5,Hotels - Bed Occupancy,All,Rooms: greater than 100,All
S92000003,2015,Percent,Percentage,50.89,Hotels - Bed Occupancy,All,All,Remote Rural
S92000003,2014,Percent,Percentage,29,Caravan & Camping Parks - Pitch Occupancy,All,All,Accessible Small Towns
S92000003,2011,Percent,Percentage,40.5,Hotels - Bed Occupancy,All,Rooms: 04-10,All
S92000003,2015,Percent,Percentage,50.42,Hotels - Bed Occupancy,All,Rooms: 26-50,All
S92000003,2016,Percent,Percentage,52.02,Hotels - Bed Occupancy,All,Rooms: 26-50,All
S92000003,2019,Percent,Percentage,47.25,Hotels - Bed Occupancy,All,Rooms: 11-25,All
S92000003,2011,Percent,Percentage,49.58,Hotels - Bed Occupancy,All,All,Remote Rural
S92000003,2018,Percent,Percentage,47.18,Hotels - Bed Occupancy,All,All,Remote Rural
S92000003,2011,Percent,Percentage,36.69,Caravan & Camping Parks - Pitch Occupancy,All,All,Accessible Rural
S92000003,2013,Percent,Percentage,39.75,Caravan & Camping Parks - Pitch Occupancy,All,All,Remote Rural
S92000003,2015,Percent,Percentage,34.83,Caravan & Camping Parks - Pitch Occupancy,All,All,Accessible Rural
S92000003,2011,Percent,Percentage,25.32,Caravan & Camping Parks - Pitch Occupancy,All,All,Accessible Small Towns
S92000003,2011,Percent,Percentage,45.62,Caravan & Camping Parks - Pitch Occupancy,All,All,Other Urban Areas
S92000003,2018,Percent,Percentage,27.9,Caravan & Camping Parks - Pitch Occupancy,All,All,Accessible Rural
S92000003,2016,Percent,Percentage,29.78,Caravan & Camping Parks - Pitch Occupancy,All,All,Accessible Small Towns
S92000003,2016,Percent,Percentage,58.9,Caravan & Camping Parks - Pitch Occupancy,All,All,Large Urban Areas
S92000003,2019,Percent,Percentage,30.04,Caravan & Camping Parks - Pitch Occupancy,All,All,Accessible Small Towns
S92000003,2017,Percent,Percentage,32.19,Caravan & Camping Parks - Pitch Occupancy,All,All,All
S92000003,2011,Percent,Percentage,61.31,Caravan & Camping Parks - Pitch Occupancy,All,All,Large Urban Areas
S92000003,2018,Percent,Percentage,53.78,Hostels - Bed Occupancy,All,All,Accessible Small Towns
S92000003,2013,Percent,Percentage,34.06,Hostels - Bed Occupancy,All,All,Remote Small Towns
S92000003,2016,Percent,Percentage,78.32,Hotels - Room Occupancy,All,All,Large Urban Areas
S92000003,2018,Percent,Percentage,74.32,Hotels - Room Occupancy,All,Rooms: greater than 100,All
S92000003,2016,Percent,Percentage,69.8,Hotels - Room Occupancy,All,Rooms: 26-50,All
S92000003,2015,Percent,Percentage,51.36,Hostels - Bed Occupancy,All,All,Accessible Small Towns
S92000003,2011,Percent,Percentage,65.06,Hotels - Room Occupancy,All,All,All
S92000003,2017,Percent,Percentage,72.75,Hotels - Room Occupancy,All,All,All
S92000003,2014,Percent,Percentage,70.65,Hotels - Room Occupancy,All,All,Other Urban Areas
S92000003,2014,Percent,Percentage,64.47,Hotels - Room Occupancy,All,All,Accessible Small Towns
S92000003,2012,Percent,Percentage,65.13,Hotels - Room Occupancy,All,All,All
S92000003,2017,Percent,Percentage,68.32,Hotels - Room Occupancy,All,All,Accessible Rural
S92000003,2011,Percent,Percentage,73.89,Hotels - Room Occupancy,All,Rooms: greater than 100,All
S92000003,2015,Percent,Percentage,78.25,Hotels - Room Occupancy,All,Rooms: greater than 100,All
S92000003,2015,Percent,Percentage,67.04,Hotels - Room Occupancy,All,Rooms: 26-50,All
S92000003,2012,Percent,Percentage,73.69,Hotels - Room Occupancy,All,Rooms: greater than 100,All
S92000003,2019,Percent,Percentage,68.74,Hotels - Room Occupancy,All,All,Other Urban Areas
S92000003,2017,Percent,Percentage,79.22,Hotels - Room Occupancy,All,Rooms: greater than 100,All
S92000003,2013,Percent,Percentage,64.72,Hotels - Room Occupancy,All,Rooms: 26-50,All
S92000003,2019,Percent,Percentage,78.38,Hotels - Room Occupancy,All,Rooms: 26-50,All
S92000003,2019,Percent,Percentage,74.36,Hotels - Room Occupancy,All,Rooms: greater than 100,All
S92000003,2018,Percent,Percentage,48.69,Hostels - Bed Occupancy,All,All,Remote Small Towns
S92000003,2012,Percent,Percentage,65.87,Hotels - Room Occupancy,All,All,Other Urban Areas
S92000003,2012,Percent,Percentage,44.66,Hostels - Bed Occupancy,Weekday,All,All
S92000003,2014,Percent,Percentage,45.45,Guest House/B&B - Room Occupancy,Weekday,All,All
S92000003,2014,Percent,Percentage,57.32,Hostels - Bed Occupancy,Weekday,All,All
S92000003,2018,Percent,Percentage,22.44,Hostels - Bed Occupancy,Weekday,All,All
S92000003,2011,Percent,Percentage,43.54,Guest House/B&B - Room Occupancy,Weekday,All,All
S92000003,2012,Percent,Percentage,44.51,Guest House/B&B - Room Occupancy,Weekday,All,All
S92000003,2018,Percent,Percentage,51,Hotels - Bed Occupancy,Weekday,All,All
S92000003,2017,Percent,Percentage,26.98,Caravan & Camping Parks - Pitch Occupancy,Weekday,All,All
S92000003,2011,Percent,Percentage,46.24,Hotels - Bed Occupancy,Weekday,All,All
S92000003,2019,Percent,Percentage,50.93,Guest House/B&B - Room Occupancy,Weekday,All,All
S92000003,2018,Percent,Percentage,71.98,Hotels - Room Occupancy,Weekday,All,All
S92000003,2015,Percent,Percentage,58.04,Hostels - Bed Occupancy,Weekday,All,All
S92000003,2015,Percent,Percentage,46.48,Guest House/B&B - Room Occupancy,Weekday,All,All
S92000003,2011,Percent,Percentage,42.53,Hostels - Bed Occupancy,Weekday,All,All
S92000003,2015,Percent,Percentage,62.74,Hotels - Room Occupancy,All,All,Accessible Rural
S92000003,2017,Percent,Percentage,56.39,Hostels - Bed Occupancy,All,All,Remote Small Towns
S92000003,2019,Percent,Percentage,58.53,Hotels - Room Occupancy,All,All,Remote Small Towns
S92000003,2013,Percent,Percentage,45.64,Guest House/B&B - Room Occupancy,Weekday,All,All
S92000003,2019,Percent,Percentage,22,Hostels - Bed Occupancy,Weekday,All,All
S92000003,2013,Percent,Percentage,56.4,Hostels - Bed Occupancy,Weekday,All,All
S92000003,2017,Percent,Percentage,25.81,Hostels - Bed Occupancy,Weekday,All,All
S92000003,2016,Percent,Percentage,69.43,Hostels - Bed Occupancy,Weekday,All,All
S92000003,2011,Percent,Percentage,58.47,Hotels - Room Occupancy,All,All,Remote Rural
S92000003,2011,Percent,Percentage,56.48,Hotels - Room Occupancy,All,All,Remote Small Towns
S92000003,2015,Percent,Percentage,61.02,Hotels - Room Occupancy,All,All,Remote Small Towns
S92000003,2017,Percent,Percentage,56.38,Hostels - Bed Occupancy,All,All,Accessible Rural
S92000003,2016,Percent,Percentage,63.91,Hotels - Room Occupancy,All,All,Remote Rural
S92000003,2011,Percent,Percentage,56.2,Hotels - Room Occupancy,All,All,Accessible Small Towns
S92000003,2015,Percent,Percentage,51.44,Hostels - Bed Occupancy,All,All,Accessible Rural
S92000003,2019,Percent,Percentage,81.98,Hotels - Room Occupancy,All,All,Accessible Small Towns
S92000003,2012,Percent,Percentage,55.47,Hotels - Room Occupancy,All,All,Remote Small Towns
S92000003,2015,Percent,Percentage,63.28,Hotels - Room Occupancy,All,All,Accessible Small Towns
S92000003,2011,Percent,Percentage,74.05,Hotels - Room Occupancy,All,All,Large Urban Areas
S92000003,2015,Percent,Percentage,62.81,Hotels - Room Occupancy,All,All,Remote Rural
S92000003,2018,Percent,Percentage,75.68,Hotels - Room Occupancy,All,Rooms: 26-50,All
S92000003,2016,Percent,Percentage,64.4,Hotels - Room Occupancy,All,All,Accessible Small Towns
S92000003,2014,Percent,Percentage,66.07,Hotels - Room Occupancy,All,Rooms: 26-50,All
S92000003,2017,Percent,Percentage,63.91,Hotels - Room Occupancy,All,Rooms: 11-25,All
S92000003,2012,Percent,Percentage,62.11,Hotels - Room Occupancy,All,Rooms: 26-50,All
S92000003,2014,Percent,Percentage,58.26,Hotels - Room Occupancy,All,All,Remote Small Towns
S92000003,2013,Percent,Percentage,69.36,Hotels - Room Occupancy,All,All,Other Urban Areas
S92000003,2012,Percent,Percentage,56.59,Hotels - Room Occupancy,All,All,Accessible Small Towns
S92000003,2012,Percent,Percentage,35.58,Hostels - Bed Occupancy,All,All,Accessible Rural
S92000003,2013,Percent,Percentage,57.85,Hotels - Room Occupancy,All,All,Accessible Rural
S92000003,2016,Percent,Percentage,57.26,Hostels - Bed Occupancy,All,All,Accessible Rural
S92000003,2018,Percent,Percentage,67.65,Hotels - Room Occupancy,All,All,Accessible Rural
S92000003,2013,Percent,Percentage,59.23,Hotels - Room Occupancy,All,All,Remote Small Towns
S92000003,2013,Percent,Percentage,68.3,Hotels - Room Occupancy,All,All,All
S92000003,2015,Percent,Percentage,67.13,Hotels - Room Occupancy,All,All,Other Urban Areas
S92000003,2014,Percent,Percentage,62.76,Hotels - Room Occupancy,All,All,Accessible Rural
S92000003,2016,Percent,Percentage,76.57,Hotels - Room Occupancy,All,Rooms: greater than 100,All
S92000003,2011,Percent,Percentage,61.13,Hotels - Room Occupancy,All,Rooms: 26-50,All
S92000003,2014,Percent,Percentage,78.64,Hotels - Room Occupancy,All,Rooms: greater than 100,All
S92000003,2013,Percent,Percentage,76.19,Hotels - Room Occupancy,All,Rooms: greater than 100,All
S92000003,2013,Percent,Percentage,24.37,Hotels - Room Occupancy,All,Rooms: 01-03,All
S92000003,2015,Percent,Percentage,79.92,Hotels - Room Occupancy,All,All,Large Urban Areas
S92000003,2017,Percent,Percentage,80,Hotels - Room Occupancy,All,All,Large Urban Areas
S92000003,2017,Percent,Percentage,64.58,Hotels - Room Occupancy,All,All,Remote Small Towns
S92000003,2012,Percent,Percentage,33.44,Hostels - Bed Occupancy,All,All,Accessible Small Towns
S92000003,2011,Percent,Percentage,35.18,Hostels - Bed Occupancy,All,All,Accessible Rural
S92000003,2015,Percent,Percentage,70.09,Hotels - Room Occupancy,All,All,All
S92000003,2014,Percent,Percentage,44.13,Hostels - Bed Occupancy,All,All,Accessible Rural
S92000003,2016,Percent,Percentage,70.85,Hotels - Room Occupancy,All,All,Other Urban Areas
S92000003,2013,Percent,Percentage,37.4,Hostels - Bed Occupancy,All,All,Accessible Rural
S92000003,2019,Percent,Percentage,62.96,Hostels - Bed Occupancy,All,All,Remote Rural
S92000003,2019,Percent,Percentage,75.57,Hotels - Room Occupancy,All,All,Large Urban Areas
S92000003,2012,Percent,Percentage,39.57,Guest House/B&B - Bed Occupancy,Weekend,All,All
S92000003,2011,Percent,Percentage,45.87,Guest House/B&B - Room Occupancy,Weekend,All,All
S92000003,2018,Percent,Percentage,47.18,Guest House/B&B - Bed Occupancy,Weekend,All,All
S92000003,2016,Percent,Percentage,76.6,Hostels - Bed Occupancy,Weekend,All,All
S92000003,2013,Percent,Percentage,41.97,Guest House/B&B - Bed Occupancy,Weekend,All,All
S92000003,2019,Percent,Percentage,37.09,Hostels - Bed Occupancy,Weekend,All,All
S92000003,2018,Percent,Percentage,38.3,Hostels - Bed Occupancy,Weekend,All,All
S92000003,2014,Percent,Percentage,42.16,Guest House/B&B - Bed Occupancy,Weekend,All,All
S92000003,2015,Percent,Percentage,43.75,Guest House/B&B - Bed Occupancy,Weekend,All,All
S92000003,2017,Percent,Percentage,50.56,Guest House/B&B - Bed Occupancy,Weekend,All,All
S92000003,2016,Percent,Percentage,40.04,Guest House/B&B - Bed Occupancy,Weekend,All,All
S92000003,2011,Percent,Percentage,54.17,Hostels - Bed Occupancy,Weekend,All,All
S92000003,2014,Percent,Percentage,49.17,Caravan & Camping Parks - Pitch Occupancy,Weekend,All,All
S92000003,2016,Percent,Percentage,46.78,Caravan & Camping Parks - Pitch Occupancy,Weekend,All,All
S92000003,2017,Percent,Percentage,31.42,Caravan & Camping Parks - Pitch Occupancy,Weekend,All,All
S92000003,2017,Percent,Percentage,44.86,Hostels - Bed Occupancy,Weekend,All,All
S92000003,2014,Percent,Percentage,64.86,Hostels - Bed Occupancy,Weekend,All,All
S92000003,2019,Percent,Percentage,38.77,Caravan & Camping Parks - Pitch Occupancy,Weekend,All,All
S92000003,2015,Percent,Percentage,45.58,Caravan & Camping Parks - Pitch Occupancy,Weekend,All,All
S92000003,2018,Percent,Percentage,69.36,Hotels - Room Occupancy,Weekend,All,All
S92000003,2013,Percent,Percentage,47.1,Caravan & Camping Parks - Pitch Occupancy,Weekend,All,All
S92000003,2011,Percent,Percentage,62.82,Hotels - Room Occupancy,Weekend,All,All
S92000003,2012,Percent,Percentage,62.44,Hotels - Room Occupancy,Weekend,All,All
S92000003,2011,Percent,Percentage,40.18,Guest House/B&B - Bed Occupancy,Weekend,All,All
S92000003,2018,Percent,Percentage,56.22,Hotels - Bed Occupancy,Weekend,All,All
S92000003,2019,Percent,Percentage,49.3,Guest House/B&B - Bed Occupancy,Weekend,All,All
S92000003,2015,Percent,Percentage,50.81,Guest House/B&B - Room Occupancy,Weekend,All,All
S92000003,2015,Percent,Percentage,67.12,Hotels - Room Occupancy,Weekend,All,All
S92000003,2016,Percent,Percentage,57.31,Hotels - Bed Occupancy,Weekend,All,All
S92000003,2013,Percent,Percentage,54.93,Hotels - Bed Occupancy,Weekend,All,All
S92000003,2011,Percent,Percentage,52.97,Hotels - Bed Occupancy,Weekend,All,All
S92000003,2019,Percent,Percentage,54.98,Hotels - Bed Occupancy,Weekend,All,All
S92000003,2013,Percent,Percentage,46.82,Guest House/B&B - Room Occupancy,Weekend,All,All
S92000003,2017,Percent,Percentage,60.14,Hotels - Bed Occupancy,Weekend,All,All
S92000003,2017,Percent,Percentage,55.87,Guest House/B&B - Room Occupancy,Weekend,All,All
S92000003,2012,Percent,Percentage,45.48,Guest House/B&B - Room Occupancy,Weekend,All,All
S92000003,2014,Percent,Percentage,66.89,Hotels - Room Occupancy,Weekend,All,All
S92000003,2013,Percent,Percentage,66.01,Hostels - Bed Occupancy,Weekend,All,All
S92000003,2015,Percent,Percentage,65.03,Hostels - Bed Occupancy,Weekend,All,All
S92000003,2018,Percent,Percentage,52.55,Guest House/B&B - Room Occupancy,Weekend,All,All
S92000003,2014,Percent,Percentage,55.6,Hotels - Bed Occupancy,Weekend,All,All
S92000003,2019,Percent,Percentage,56.02,Guest House/B&B - Room Occupancy,Weekend,All,All
S92000003,2013,Percent,Percentage,65.27,Hotels - Room Occupancy,Weekend,All,All
S92000003,2019,Percent,Percentage,70.24,Hotels - Room Occupancy,Weekend,All,All
S92000003,2015,Percent,Percentage,54.63,Hotels - Bed Occupancy,Weekend,All,All
S92000003,2016,Percent,Percentage,73.94,Hotels - Room Occupancy,Weekday,All,All
S92000003,2018,Percent,Percentage,28.79,Caravan & Camping Parks - Pitch Occupancy,Weekday,All,All
S92000003,2012,Percent,Percentage,46.03,Hotels - Bed Occupancy,Weekday,All,All
S92000003,2014,Percent,Percentage,49.65,Hotels - Bed Occupancy,Weekday,All,All
S92000003,2016,Percent,Percentage,51.72,Hotels - Bed Occupancy,Weekday,All,All
S92000003,2017,Percent,Percentage,74.07,Hotels - Room Occupancy,Weekday,All,All
S92000003,2018,Percent,Percentage,41.33,Guest House/B&B - Bed Occupancy,Weekday,All,All
S92000003,2019,Percent,Percentage,72.51,Hotels - Room Occupancy,Weekday,All,All
S92000003,2019,Percent,Percentage,41.32,Guest House/B&B - Bed Occupancy,Weekday,All,All
S92000003,2012,Percent,Percentage,67.27,Hotels - Room Occupancy,Weekday,All,All
S92000003,2014,Percent,Percentage,72.27,Hotels - Room Occupancy,Weekday,All,All
S92000003,2013,Percent,Percentage,36.37,Caravan & Camping Parks - Pitch Occupancy,Weekday,All,All
S92000003,2017,Percent,Percentage,41.29,Guest House/B&B - Bed Occupancy,Weekday,All,All
S92000003,2019,Percent,Percentage,49.13,Hotels - Bed Occupancy,Weekday,All,All
S92000003,2017,Percent,Percentage,53.96,Hotels - Bed Occupancy,Weekday,All,All
S92000003,2014,Percent,Percentage,37.75,Caravan & Camping Parks - Pitch Occupancy,Weekday,All,All
S92000003,2011,Percent,Percentage,35.32,Guest House/B&B - Bed Occupancy,Weekday,All,All
S92000003,2015,Percent,Percentage,73.06,Hotels - Room Occupancy,Weekday,All,All
S92000003,2015,Percent,Percentage,50.3,Hotels - Bed Occupancy,Weekday,All,All
S92000003,2013,Percent,Percentage,70.82,Hotels - Room Occupancy,Weekday,All,All
S92000003,2012,Percent,Percentage,37.88,Caravan & Camping Parks - Pitch Occupancy,Weekday,All,All
S92000003,2013,Percent,Percentage,48.97,Hotels - Bed Occupancy,Weekday,All,All
S92000003,2018,Percent,Percentage,36.59,Caravan & Camping Parks - Pitch Occupancy,Weekend,All,All
S92000003,2011,Percent,Percentage,42.93,Caravan & Camping Parks - Pitch Occupancy,Weekend,All,All
S92000003,2012,Percent,Percentage,52.29,Hotels - Bed Occupancy,Weekend,All,All
S92000003,2015,Percent,Percentage,32.08,Caravan & Camping Parks - Pitch Occupancy,Weekday,All,All
S92000003,2012,Percent,Percentage,35.91,Guest House/B&B - Bed Occupancy,Weekday,All,All
S92000003,2012,Percent,Percentage,57.81,Hostels - Bed Occupancy,Weekend,All,All
S92000003,2016,Percent,Percentage,45.76,Guest House/B&B - Room Occupancy,Weekend,All,All
S92000003,2012,Percent,Percentage,48.56,Caravan & Camping Parks - Pitch Occupancy,Weekend,All,All
S92000003,2016,Percent,Percentage,68.51,Hotels - Room Occupancy,Weekend,All,All
S92000003,2017,Percent,Percentage,71.03,Hotels - Room Occupancy,Weekend,All,All
S92000003,2014,Percent,Percentage,48.86,Guest House/B&B - Room Occupancy,Weekend,All,All
S92000003,2016,Percent,Percentage,41.36,Guest House/B&B - Room Occupancy,Weekday,All,All
S92000003,2011,Percent,Percentage,66.94,Hotels - Room Occupancy,Weekday,All,All
S92000003,2014,Percent,Percentage,36.43,Guest House/B&B - Bed Occupancy,Weekday,All,All
S92000003,2011,Percent,Percentage,33.02,Caravan & Camping Parks - Pitch Occupancy,Weekday,All,All
S92000003,2016,Percent,Percentage,33.42,Caravan & Camping Parks - Pitch Occupancy,Weekday,All,All
S92000003,2016,Percent,Percentage,34.09,Guest House/B&B - Bed Occupancy,Weekday,All,All
S92000003,2013,Percent,Percentage,38.23,Guest House/B&B - Bed Occupancy,Weekday,All,All
S92000003,2017,Percent,Percentage,50.44,Guest House/B&B - Room Occupancy,Weekday,All,All
S92000003,2019,Percent,Percentage,30.3,Caravan & Camping Parks - Pitch Occupancy,Weekday,All,All
S92000003,2015,Percent,Percentage,37.82,Guest House/B&B - Bed Occupancy,Weekday,All,All
S92000003,2018,Percent,Percentage,49.92,Guest House/B&B - Room Occupancy,Weekday,All,All
S92000003,2011,Percent,Percentage,30.01,Guest House/B&B - Bed Occupancy,All,Rooms: 01-03,All
S92000003,2011,Percent,Percentage,52.1,Hostels - Bed Occupancy,All,All,Large Urban Areas
S92000003,2013,Percent,Percentage,44.96,Hostels - Bed Occupancy,All,All,All
S92000003,2019,Percent,Percentage,64.7,Hostels - Bed Occupancy,All,All,Large Urban Areas
S92000003,2013,Percent,Percentage,38.57,Guest House/B&B - Bed Occupancy,All,All,All
S92000003,2018,Percent,Percentage,43.25,Guest House/B&B - Bed Occupancy,All,All,All
S92000003,2014,Percent,Percentage,62.95,Hostels - Bed Occupancy,All,All,Large Urban Areas
S92000003,2013,Percent,Percentage,55.55,Hostels - Bed Occupancy,All,All,Large Urban Areas
S92000003,2017,Percent,Percentage,39.6,Guest House/B&B - Bed Occupancy,All,All,Remote Small Towns
S92000003,2015,Percent,Percentage,62.47,Hostels - Bed Occupancy,All,All,Large Urban Areas
S92000003,2015,Percent,Percentage,53.17,Hostels - Bed Occupancy,All,All,All
S92000003,2019,Percent,Percentage,60.19,Hostels - Bed Occupancy,All,All,All
S92000003,2011,Percent,Percentage,36.48,Guest House/B&B - Bed Occupancy,All,All,All
S92000003,2014,Percent,Percentage,38.15,Guest House/B&B - Bed Occupancy,All,All,All
S92000003,2014,Percent,Percentage,35.24,Guest House/B&B - Bed Occupancy,All,All,Remote Small Towns
S92000003,2012,Percent,Percentage,35.49,Hostels - Bed Occupancy,All,All,Other Urban Areas
S92000003,2011,Percent,Percentage,39.26,Hostels - Bed Occupancy,All,All,All
S92000003,2016,Percent,Percentage,31.17,Guest House/B&B - Bed Occupancy,All,Rooms: 01-03,All
S92000003,2016,Percent,Percentage,58.03,Hostels - Bed Occupancy,All,All,All
S92000003,2016,Percent,Percentage,65.52,Hostels - Bed Occupancy,All,All,Large Urban Areas
S92000003,2019,Percent,Percentage,42.21,Guest House/B&B - Bed Occupancy,All,All,All
S92000003,2012,Percent,Percentage,36.28,Guest House/B&B - Bed Occupancy,All,All,All
S92000003,2012,Percent,Percentage,52.36,Hostels - Bed Occupancy,All,All,Large Urban Areas
S92000003,2012,Percent,Percentage,38.69,Guest House/B&B - Bed Occupancy,All,All,Remote Rural
S92000003,2016,Percent,Percentage,36.83,Guest House/B&B - Bed Occupancy,All,All,Other Urban Areas
S92000003,2017,Percent,Percentage,53.8,Guest House/B&B - Bed Occupancy,All,All,Other Urban Areas
S92000003,2019,Percent,Percentage,30.1,Guest House/B&B - Bed Occupancy,All,All,Remote Rural
S92000003,2014,Percent,Percentage,45.23,Guest House/B&B - Bed Occupancy,All,All,Other Urban Areas
S92000003,2013,Percent,Percentage,43.97,Guest House/B&B - Bed Occupancy,All,Rooms: 11-25,All
S92000003,2011,Percent,Percentage,41.65,Guest House/B&B - Bed Occupancy,All,Rooms: 04-10,All
S92000003,2014,Percent,Percentage,40.11,Guest House/B&B - Bed Occupancy,All,All,Remote Rural
S92000003,2016,Percent,Percentage,34.72,Guest House/B&B - Bed Occupancy,All,All,Remote Rural
S92000003,2018,Percent,Percentage,55.1,Guest House/B&B - Bed Occupancy,All,All,Large Urban Areas
S92000003,2011,Percent,Percentage,49.96,Guest House/B&B - Bed Occupancy,All,Rooms: 11-25,All
S92000003,2014,Percent,Percentage,31.12,Guest House/B&B - Bed Occupancy,All,Rooms: 01-03,All
S92000003,2016,Percent,Percentage,44.84,Guest House/B&B - Bed Occupancy,All,All,Remote Small Towns
S92000003,2019,Percent,Percentage,26.65,Guest House/B&B - Bed Occupancy,All,Rooms: 01-03,All
S92000003,2017,Percent,Percentage,59.7,Hostels - Bed Occupancy,All,All,Large Urban Areas
S92000003,2015,Percent,Percentage,34.79,Guest House/B&B - Bed Occupancy,All,All,Remote Small Towns
S92000003,2017,Percent,Percentage,35.64,Guest House/B&B - Bed Occupancy,All,Rooms: 01-03,All
S92000003,2013,Percent,Percentage,33.56,Guest House/B&B - Bed Occupancy,All,Rooms: 01-03,All
S92000003,2018,Percent,Percentage,34.64,Guest House/B&B - Bed Occupancy,All,All,Remote Small Towns
S92000003,2019,Percent,Percentage,51.71,Guest House/B&B - Bed Occupancy,All,All,Other Urban Areas
S92000003,2011,Percent,Percentage,39.23,Guest House/B&B - Bed Occupancy,All,All,Remote Small Towns
S92000003,2011,Percent,Percentage,44.33,Guest House/B&B - Bed Occupancy,All,All,Accessible Rural
S92000003,2018,Percent,Percentage,59.31,Hostels - Bed Occupancy,All,All,Remote Rural
S92000003,2012,Percent,Percentage,58.59,Hotels - Room Occupancy,All,All,Remote Rural
S92000003,2016,Percent,Percentage,64.46,Hotels - Room Occupancy,All,All,Accessible Rural
S92000003,2015,Percent,Percentage,44.95,Hostels - Bed Occupancy,All,All,Remote Small Towns
S92000003,2019,Percent,Percentage,58.66,Hotels - Room Occupancy,All,All,Remote Rural
S92000003,2018,Percent,Percentage,77.98,Hotels - Room Occupancy,All,All,Accessible Small Towns
S92000003,2013,Percent,Percentage,78.38,Hotels - Room Occupancy,All,All,Large Urban Areas
S92000003,2018,Percent,Percentage,74.88,Hotels - Room Occupancy,All,All,Large Urban Areas
S92000003,2017,Percent,Percentage,54.13,Hostels - Bed Occupancy,All,All,Remote Rural
S92000003,2011,Percent,Percentage,59.58,Hotels - Room Occupancy,All,All,Accessible Rural
S92000003,2014,Percent,Percentage,69.68,Hotels - Room Occupancy,All,All,All
S92000003,2012,Percent,Percentage,34.77,Guest House/B&B - Bed Occupancy,All,All,Large Urban Areas
S92000003,2014,Percent,Percentage,43.73,Guest House/B&B - Bed Occupancy,All,Rooms: 04-10,All
S92000003,2019,Percent,Percentage,44.09,Guest House/B&B - Bed Occupancy,All,All,Remote Small Towns
S92000003,2017,Percent,Percentage,39.28,Guest House/B&B - Bed Occupancy,All,All,Remote Rural
S92000003,2018,Percent,Percentage,44.47,Guest House/B&B - Bed Occupancy,All,Rooms: 04-10,All
S92000003,2019,Percent,Percentage,44.83,Guest House/B&B - Bed Occupancy,All,Rooms: 04-10,All
S92000003,2019,Percent,Percentage,44.34,Hostels - Bed Occupancy,All,All,Remote Small Towns
S92000003,2014,Percent,Percentage,80.51,Hotels - Room Occupancy,All,All,Large Urban Areas
S92000003,2017,Percent,Percentage,75.04,Hotels - Room Occupancy,All,All,Accessible Small Towns
S92000003,2011,Percent,Percentage,34.81,Guest House/B&B - Bed Occupancy,All,All,Large Urban Areas
S92000003,2012,Percent,Percentage,58.43,Hotels - Room Occupancy,All,All,Accessible Rural
S92000003,2019,Percent,Percentage,63.94,Hostels - Bed Occupancy,All,All,Accessible Rural
S92000003,2012,Percent,Percentage,74.99,Hotels - Room Occupancy,All,All,Large Urban Areas
S92000003,2017,Percent,Percentage,61.5,Hotels - Room Occupancy,All,All,Remote Rural
S92000003,2018,Percent,Percentage,55.76,Hostels - Bed Occupancy,All,All,Accessible Rural
S92000003,2013,Percent,Percentage,61.65,Hotels - Room Occupancy,All,All,Remote Rural
S92000003,2013,Percent,Percentage,60.21,Hotels - Room Occupancy,All,All,Accessible Small Towns
S92000003,2012,Percent,Percentage,40.13,Hostels - Bed Occupancy,All,All,All
S92000003,2019,Percent,Percentage,51.15,Hostels - Bed Occupancy,All,All,Accessible Small Towns
S92000003,2015,Percent,Percentage,32.49,Guest House/B&B - Bed Occupancy,All,Rooms: 01-03,All
S92000003,2016,Percent,Percentage,45.4,Hostels - Bed Occupancy,All,All,Remote Small Towns
S92000003,2019,Percent,Percentage,65.67,Hotels - Room Occupancy,All,All,Accessible Rural
S92000003,2018,Percent,Percentage,60.77,Hotels - Room Occupancy,All,All,Remote Rural
S92000003,2014,Percent,Percentage,37.05,Guest House/B&B - Bed Occupancy,All,Rooms: 11-25,All
S92000003,2016,Percent,Percentage,65.78,Hotels - Room Occupancy,All,All,Remote Small Towns
S92000003,2011,Percent,Percentage,36.27,Hostels - Bed Occupancy,All,All,Remote Rural
S92000003,2018,Percent,Percentage,60.77,Hotels - Room Occupancy,All,All,Remote Small Towns
S92000003,2014,Percent,Percentage,60.58,Hotels - Room Occupancy,All,All,Remote Rural
S92000003,2013,Percent,Percentage,40.99,Guest House/B&B - Bed Occupancy,All,All,Remote Rural
S92000003,2015,Percent,Percentage,41.94,Guest House/B&B - Bed Occupancy,All,All,Remote Rural
S92000003,2014,Percent,Percentage,47.12,Guest House/B&B - Bed Occupancy,All,All,Accessible Rural
S92000003,2014,Percent,Percentage,37.17,Hostels - Bed Occupancy,All,All,Remote Small Towns
S92000003,2015,Percent,Percentage,43.87,Guest House/B&B - Bed Occupancy,All,All,Accessible Rural
S92000003,2013,Percent,Percentage,59.98,Hotels - Room Occupancy,All,Rooms: 11-25,All
S92000003,2012,Percent,Percentage,56.89,Hotels - Room Occupancy,All,Rooms: 11-25,All
S92000003,2019,Percent,Percentage,57.36,Hotels - Room Occupancy,All,Rooms: 11-25,All
S92000003,2011,Percent,Percentage,36.7,Hostels - Bed Occupancy,All,All,Other Urban Areas
S92000003,2014,Percent,Percentage,25.87,Hotels - Room Occupancy,All,Rooms: 01-03,All
S92000003,2014,Percent,Percentage,62.63,Hotels - Room Occupancy,All,Rooms: 11-25,All
S92000003,2018,Percent,Percentage,76.36,Hotels - Room Occupancy,All,Rooms: 51-100,All
S92000003,2014,Percent,Percentage,50.35,Hostels - Bed Occupancy,All,All,All
S92000003,2015,Percent,Percentage,40.48,Caravan & Camping Parks - Pitch Occupancy,All,All,All
S92000003,2014,Percent,Percentage,73.35,Hotels - Room Occupancy,All,Rooms: 51-100,All
S92000003,2013,Percent,Percentage,37.48,Hostels - Bed Occupancy,All,All,Accessible Small Towns
S92000003,2016,Percent,Percentage,30.46,Hotels - Room Occupancy,All,Rooms: 01-03,All
S92000003,2014,Percent,Percentage,41.4,Hostels - Bed Occupancy,All,All,Other Urban Areas
S92000003,2017,Percent,Percentage,0,Hotels - Room Occupancy,All,Rooms: 01-03,All
S92000003,2014,Percent,Percentage,46.44,Hostels - Bed Occupancy,All,All,Accessible Small Towns
S92000003,2011,Percent,Percentage,64.92,Hotels - Room Occupancy,All,All,Other Urban Areas
S92000003,2017,Percent,Percentage,53.2,Hostels - Bed Occupancy,All,All,Other Urban Areas
S92000003,2017,Percent,Percentage,74.79,Hotels - Room Occupancy,All,All,Other Urban Areas
S92000003,2016,Percent,Percentage,55.07,Hostels - Bed Occupancy,All,All,Other Urban Areas
S92000003,2019,Percent,Percentage,3.81,Hotels - Room Occupancy,All,Rooms: 01-03,All
S92000003,2012,Percent,Percentage,21.67,Hotels - Room Occupancy,All,Rooms: 01-03,All
S92000003,2011,Percent,Percentage,23.39,Hotels - Room Occupancy,All,Rooms: 01-03,All
S92000003,2015,Percent,Percentage,59.35,Hotels - Room Occupancy,All,Rooms: 04-10,All
S92000003,2018,Percent,Percentage,53.13,Hotels - Room Occupancy,All,Rooms: 04-10,All
S92000003,2016,Percent,Percentage,60.59,Hotels - Room Occupancy,All,Rooms: 04-10,All
S92000003,2019,Percent,Percentage,52.68,Hotels - Room Occupancy,All,Rooms: 04-10,All
S92000003,2018,Percent,Percentage,59.64,Hotels - Room Occupancy,All,Rooms: 11-25,All
S92000003,2011,Percent,Percentage,49.88,Hotels - Room Occupancy,All,Rooms: 04-10,All
S92000003,2013,Percent,Percentage,41.08,Hostels - Bed Occupancy,All,All,Other Urban Areas
S92000003,2016,Percent,Percentage,64.42,Hotels - Room Occupancy,All,Rooms: 11-25,All
S92000003,2011,Percent,Percentage,56.34,Hotels - Room Occupancy,All,Rooms: 11-25,All
S92000003,2013,Percent,Percentage,73.83,Hotels - Room Occupancy,All,Rooms: 51-100,All
S92000003,2017,Percent,Percentage,73.55,Hotels - Room Occupancy,All,Rooms: 26-50,All
S92000003,2018,Percent,Percentage,69.75,Hotels - Room Occupancy,All,All,Other Urban Areas
S92000003,2012,Percent,Percentage,35.7,Hostels - Bed Occupancy,All,All,Remote Rural
S92000003,2016,Percent,Percentage,46.02,Caravan & Camping Parks - Pitch Occupancy,All,All,Other Urban Areas
S92000003,2014,Percent,Percentage,44.23,Caravan & Camping Parks - Pitch Occupancy,All,All,Remote Small Towns
S92000003,2019,Percent,Percentage,55.05,Caravan & Camping Parks - Pitch Occupancy,All,All,Remote Small Towns
S92000003,2018,Percent,Percentage,32.57,Caravan & Camping Parks - Pitch Occupancy,All,All,Accessible Small Towns
S92000003,2013,Percent,Percentage,54.97,Hotels - Room Occupancy,All,Rooms: 04-10,All
S92000003,2012,Percent,Percentage,48.06,Hotels - Room Occupancy,All,Rooms: 04-10,All
S92000003,2015,Percent,Percentage,62.42,Hotels - Room Occupancy,All,Rooms: 11-25,All
S92000003,2019,Percent,Percentage,70.61,Hotels - Room Occupancy,All,All,All
S92000003,2017,Percent,Percentage,56.02,Hostels - Bed Occupancy,All,All,Accessible Small Towns
S92000003,2017,Percent,Percentage,37.22,Guest House/B&B - Bed Occupancy,All,Rooms: 11-25,All
S92000003,2011,Percent,Percentage,49.14,Guest House/B&B - Bed Occupancy,All,All,Other Urban Areas
S92000003,2015,Percent,Percentage,48.8,Guest House/B&B - Bed Occupancy,All,All,Other Urban Areas
S92000003,2019,Percent,Percentage,33.17,Guest House/B&B - Bed Occupancy,All,All,Accessible Small Towns
S92000003,2012,Percent,Percentage,31.85,Guest House/B&B - Bed Occupancy,All,Rooms: 01-03,All
S92000003,2015,Percent,Percentage,38.2,Guest House/B&B - Bed Occupancy,All,All,All
S92000003,2013,Percent,Percentage,39.81,Guest House/B&B - Bed Occupancy,All,All,Remote Small Towns
S92000003,2018,Percent,Percentage,48.34,Guest House/B&B - Bed Occupancy,All,All,Other Urban Areas
S92000003,2012,Percent,Percentage,32.41,Guest House/B&B - Bed Occupancy,All,All,Remote Small Towns
S92000003,2018,Percent,Percentage,80.48,Guest House/B&B - Bed Occupancy,All,Rooms: 11-25,All
S92000003,2016,Percent,Percentage,35.87,Guest House/B&B - Bed Occupancy,All,All,All
S92000003,2015,Percent,Percentage,33.59,Guest House/B&B - Bed Occupancy,All,Rooms: 11-25,All
S92000003,2016,Percent,Percentage,31.78,Guest House/B&B - Bed Occupancy,All,Rooms: 11-25,All
S92000003,2016,Percent,Percentage,37.44,Guest House/B&B - Bed Occupancy,All,All,Accessible Small Towns
S92000003,2018,Percent,Percentage,43.97,Guest House/B&B - Bed Occupancy,All,All,Remote Rural
S92000003,2012,Percent,Percentage,40.01,Guest House/B&B - Bed Occupancy,All,Rooms: 11-25,All
S92000003,2019,Percent,Percentage,80.83,Guest House/B&B - Bed Occupancy,All,Rooms: 11-25,All
S92000003,2017,Percent,Percentage,43.72,Guest House/B&B - Bed Occupancy,All,All,Accessible Small Towns
S92000003,2014,Percent,Percentage,42.15,Hostels - Bed Occupancy,All,All,Remote Rural
S92000003,2017,Percent,Percentage,43.41,Guest House/B&B - Bed Occupancy,All,All,All
S92000003,2018,Percent,Percentage,40.73,Guest House/B&B - Bed Occupancy,All,All,Accessible Small Towns
S92000003,2013,Percent,Percentage,44,Guest House/B&B - Bed Occupancy,All,All,Other Urban Areas
S92000003,2016,Percent,Percentage,50.53,Hostels - Bed Occupancy,All,All,Remote Rural
S92000003,2014,Percent,Percentage,53.95,Hotels - Room Occupancy,All,Rooms: 04-10,All
S92000003,2017,Percent,Percentage,79.6,Hotels - Room Occupancy,All,Rooms: 51-100,All
S92000003,2019,Percent,Percentage,74.35,Hotels - Room Occupancy,All,Rooms: 51-100,All
S92000003,2017,Percent,Percentage,54.83,Hotels - Room Occupancy,All,Rooms: 04-10,All
S92000003,2016,Percent,Percentage,76.01,Hotels - Room Occupancy,All,Rooms: 51-100,All
S92000003,2015,Percent,Percentage,47.47,Hostels - Bed Occupancy,All,All,Other Urban Areas
S92000003,2016,Percent,Percentage,71.24,Hotels - Room Occupancy,All,All,All
S92000003,2018,Percent,Percentage,69.91,Hotels - Room Occupancy,All,All,All
S92000003,2012,Percent,Percentage,70.24,Hotels - Room Occupancy,All,Rooms: 51-100,All
S92000003,2019,Percent,Percentage,53.62,Hostels - Bed Occupancy,All,All,Other Urban Areas
S92000003,2018,Percent,Percentage,0,Hotels - Room Occupancy,All,Rooms: 01-03,All
S92000003,2011,Percent,Percentage,70.53,Hotels - Room Occupancy,All,Rooms: 51-100,All
S92000003,2018,Percent,Percentage,55.46,Hostels - Bed Occupancy,All,All,Other Urban Areas
S92000003,2015,Percent,Percentage,44.28,Hostels - Bed Occupancy,All,All,Remote Rural
S92000003,2012,Percent,Percentage,45.26,Guest House/B&B - Bed Occupancy,All,All,Other Urban Areas
S92000003,2016,Percent,Percentage,53.12,Hostels - Bed Occupancy,All,All,Accessible Small Towns
S92000003,2015,Percent,Percentage,73.47,Hotels - Room Occupancy,All,Rooms: 51-100,All
S92000003,2013,Percent,Percentage,35.69,Hostels - Bed Occupancy,All,All,Remote Rural
S92000003,2011,Percent,Percentage,38.62,Hostels - Bed Occupancy,All,All,Accessible Small Towns
S92000003,2015,Percent,Percentage,24.37,Hotels - Room Occupancy,All,Rooms: 01-03,All
S92000003,2017,Percent,Percentage,56.37,Hostels - Bed Occupancy,All,All,All
